side,name,page_link,bills,committees,district,party,title,image_url,saved_image
House,Carol Ammons,https://www.ilga.gov/house/Rep.asp?GA=102&MemberID=2877,https://www.ilga.gov/house/RepBills.asp?MemberID=2877,https://www.ilga.gov/house/RepCommittees.asp?MemberID=2877,103,D,,https://www.ilga.gov/images/members/%7BBD4B7A5C-6D24-4E82-9C18-D5A0F3C42F6C%7D.jpg,house/carol-ammons.jpg
House,"Jaime M. Andrade, Jr.",https://www.ilga.gov/house/Rep.asp?GA=102&MemberID=2875,https://www.ilga.gov/house/RepBills.asp?MemberID=2875,https://www.ilga.gov/house/RepCommittees.asp?MemberID=2875,40,D,,https://www.ilga.gov/images/members/%7B34A19039-7BF5-44A7-9A06-4EC121E52514%7D.jpg,house/jaime-m-andrade-jr.jpg
House,Dagmara Avelar,https://www.ilga.gov/house/Rep.asp?GA=102&MemberID=2999,https://www.ilga.gov/house/RepBills.asp?MemberID=2999,https://www.ilga.gov/house/RepCommittees.asp?MemberID=2999,85,D,,https://www.ilga.gov/images/members/%7BEFDA6EE7-57E6-4ACA-BE60-02A042FF5D5D%7D.jpg,house/dagmara-avelar.jpg
House,Mark Batinick,https://www.ilga.gov/house/Rep.asp?GA=102&MemberID=2878,https://www.ilga.gov/house/RepBills.asp?MemberID=2878,https://www.ilga.gov/house/RepCommittees.asp?MemberID=2878,97,R,,https://www.ilga.gov/images/members/%7B6432B106-8A75-40C0-BAE1-238FFE4DA487%7D.jpg,house/mark-batinick.jpg
House,Thomas M. Bennett,https://www.ilga.gov/house/Rep.asp?GA=102&MemberID=2879,https://www.ilga.gov/house/RepBills.asp?MemberID=2879,https://www.ilga.gov/house/RepCommittees.asp?MemberID=2879,106,R,,https://www.ilga.gov/images/members/%7B8AC89431-9F59-46C7-9D68-E141A152A362%7D.jpg,house/thomas-m-bennett.jpg
House,Chris Bos,https://www.ilga.gov/house/Rep.asp?GA=102&MemberID=3006,https://www.ilga.gov/house/RepBills.asp?MemberID=3006,https://www.ilga.gov/house/RepCommittees.asp?MemberID=3006,51,R,,https://www.ilga.gov/images/members/%7BCA8DBA10-3EFB-4B0C-88C2-641E0656B2DC%7D.jpg,house/chris-bos.jpg
House,Avery Bourne,https://www.ilga.gov/house/Rep.asp?GA=102&MemberID=2888,https://www.ilga.gov/house/RepBills.asp?MemberID=2888,https://www.ilga.gov/house/RepCommittees.asp?MemberID=2888,95,R,,https://www.ilga.gov/images/members/%7B1E0F129F-D165-4015-A615-FAB6B0DED9F0%7D.jpg,house/avery-bourne.jpg
House,Dan Brady,https://www.ilga.gov/house/Rep.asp?GA=102&MemberID=2788,https://www.ilga.gov/house/RepBills.asp?MemberID=2788,https://www.ilga.gov/house/RepCommittees.asp?MemberID=2788,105,R,,https://www.ilga.gov/images/members/%7BB8BEEC1C-5E74-479B-8640-7B3407FDF4EB%7D.jpg,house/dan-brady.jpg
House,Kambium Buckner,https://www.ilga.gov/house/Rep.asp?GA=102&MemberID=2966,https://www.ilga.gov/house/RepBills.asp?MemberID=2966,https://www.ilga.gov/house/RepCommittees.asp?MemberID=2966,26,D,,https://www.ilga.gov/images/members/%7B37E72FD2-6318-45FD-9FF1-C750EB26137D%7D.jpg,house/kambium-buckner.jpg
House,Kelly M. Burke,https://www.ilga.gov/house/Rep.asp?GA=102&MemberID=2832,https://www.ilga.gov/house/RepBills.asp?MemberID=2832,https://www.ilga.gov/house/RepCommittees.asp?MemberID=2832,36,D,,https://www.ilga.gov/images/members/%7B5D9078FA-21F1-411F-A447-B5E7299AC314%7D.jpg,house/kelly-m-burke.jpg
House,Tim Butler,https://www.ilga.gov/house/Rep.asp?GA=102&MemberID=2889,https://www.ilga.gov/house/RepBills.asp?MemberID=2889,https://www.ilga.gov/house/RepCommittees.asp?MemberID=2889,87,R,,https://www.ilga.gov/images/members/%7B8D147B40-5711-4E50-AAC8-ED40137F3B46%7D.jpg,house/tim-butler.jpg
House,Jonathan Carroll,https://www.ilga.gov/house/Rep.asp?GA=102&MemberID=2916,https://www.ilga.gov/house/RepBills.asp?MemberID=2916,https://www.ilga.gov/house/RepCommittees.asp?MemberID=2916,57,D,,https://www.ilga.gov/images/members/%7B1014E3F8-887D-4889-804E-95E5457B46BB%7D.jpg,house/jonathan-carroll.jpg
House,Kelly M. Cassidy,https://www.ilga.gov/house/Rep.asp?GA=102&MemberID=2840,https://www.ilga.gov/house/RepBills.asp?MemberID=2840,https://www.ilga.gov/house/RepCommittees.asp?MemberID=2840,14,D,,https://www.ilga.gov/images/members/%7B3EFBDD50-41FF-4677-AA47-FB35B70C4667%7D.jpg,house/kelly-m-cassidy.jpg
House,Dan Caulkins,https://www.ilga.gov/house/Rep.asp?GA=102&MemberID=2960,https://www.ilga.gov/house/RepBills.asp?MemberID=2960,https://www.ilga.gov/house/RepCommittees.asp?MemberID=2960,101,R,,https://www.ilga.gov/images/members/%7B73C533DE-29C5-4EF9-A32C-DC5D8EA1DFE8%7D.jpg,house/dan-caulkins.jpg
House,Andrew S. Chesney,https://www.ilga.gov/house/Rep.asp?GA=102&MemberID=2963,https://www.ilga.gov/house/RepBills.asp?MemberID=2963,https://www.ilga.gov/house/RepCommittees.asp?MemberID=2963,89,R,,https://www.ilga.gov/images/members/%7B1153A212-EA92-4CF5-A755-8E676033330C%7D.jpg,house/andrew-s-chesney.jpg
House,Lakesia Collins,https://www.ilga.gov/house/Rep.asp?GA=102&MemberID=2979,https://www.ilga.gov/house/RepBills.asp?MemberID=2979,https://www.ilga.gov/house/RepCommittees.asp?MemberID=2979,9,D,,https://www.ilga.gov/images/members/%7BD61727A1-A966-43D1-990F-C5036C547763%7D.jpg,house/lakesia-collins.jpg
House,Deb Conroy,https://www.ilga.gov/house/Rep.asp?GA=102&MemberID=2863,https://www.ilga.gov/house/RepBills.asp?MemberID=2863,https://www.ilga.gov/house/RepCommittees.asp?MemberID=2863,46,D,,https://www.ilga.gov/images/members/%7B643B5E07-BEDA-400C-BBDD-8FADE7A97A38%7D.jpg,house/deb-conroy.jpg
House,Terra Costa Howard,https://www.ilga.gov/house/Rep.asp?GA=102&MemberID=2940,https://www.ilga.gov/house/RepBills.asp?MemberID=2940,https://www.ilga.gov/house/RepCommittees.asp?MemberID=2940,48,D,,https://www.ilga.gov/images/members/%7B7A155EE5-0C58-43BC-9B51-65B6E2908BA1%7D.jpg,house/terra-costa-howard.jpg
House,Fred Crespo,https://www.ilga.gov/house/Rep.asp?GA=102&MemberID=2817,https://www.ilga.gov/house/RepBills.asp?MemberID=2817,https://www.ilga.gov/house/RepCommittees.asp?MemberID=2817,44,D,,https://www.ilga.gov/images/members/%7BB92F7A2F-6517-4A3F-87B3-56FAA240285F%7D.jpg,house/fred-crespo.jpg
House,Margaret Croke,https://www.ilga.gov/house/Rep.asp?GA=102&MemberID=2986,https://www.ilga.gov/house/RepBills.asp?MemberID=2986,https://www.ilga.gov/house/RepCommittees.asp?MemberID=2986,12,D,,https://www.ilga.gov/images/members/%7B1719759C-D601-4575-A753-1244D0FE550A%7D.jpg,house/margaret-croke.jpg
House,C.D. Davidsmeyer,https://www.ilga.gov/house/Rep.asp?GA=102&MemberID=2872,https://www.ilga.gov/house/RepBills.asp?MemberID=2872,https://www.ilga.gov/house/RepCommittees.asp?MemberID=2872,100,R,,https://www.ilga.gov/images/members/%7BE54250D5-EB1C-4CB6-9CF9-CA95CAA2F269%7D.jpg,house/cd-davidsmeyer.jpg
House,William Davis,https://www.ilga.gov/house/Rep.asp?GA=102&MemberID=2801,https://www.ilga.gov/house/RepBills.asp?MemberID=2801,https://www.ilga.gov/house/RepCommittees.asp?MemberID=2801,30,D,,https://www.ilga.gov/images/members/%7B6012DCA8-7486-49F9-A387-8703A2CF469C%7D.jpg,house/william-davis.jpg
House,Eva Dina Delgado,https://www.ilga.gov/house/Rep.asp?GA=102&MemberID=2974,https://www.ilga.gov/house/RepBills.asp?MemberID=2974,https://www.ilga.gov/house/RepCommittees.asp?MemberID=2974,3,D,,https://www.ilga.gov/images/members/%7BD02A93E7-7D84-4429-92AB-60B61084EBA1%7D.jpg,house/eva-dina-delgado.jpg
House,Anthony DeLuca,https://www.ilga.gov/house/Rep.asp?GA=102&MemberID=2824,https://www.ilga.gov/house/RepBills.asp?MemberID=2824,https://www.ilga.gov/house/RepCommittees.asp?MemberID=2824,80,D,,https://www.ilga.gov/images/members/%7B64399002-8B14-4D8E-80A4-54A77F25421C%7D.jpg,house/anthony-deluca.jpg
House,Tom Demmer,https://www.ilga.gov/house/Rep.asp?GA=102&MemberID=2869,https://www.ilga.gov/house/RepBills.asp?MemberID=2869,https://www.ilga.gov/house/RepCommittees.asp?MemberID=2869,90,R,,https://www.ilga.gov/images/members/%7B32747BD4-4453-4942-8DE7-CCED7209FFE2%7D.jpg,house/tom-demmer.jpg
House,Daniel Didech,https://www.ilga.gov/house/Rep.asp?GA=102&MemberID=2938,https://www.ilga.gov/house/RepBills.asp?MemberID=2938,https://www.ilga.gov/house/RepCommittees.asp?MemberID=2938,59,D,,https://www.ilga.gov/images/members/%7B1EA869A9-B93D-4E72-824B-E14992452581%7D.jpg,house/daniel-didech.jpg
House,Jim Durkin,https://www.ilga.gov/house/Rep.asp?GA=102&MemberID=2810,https://www.ilga.gov/house/RepBills.asp?MemberID=2810,https://www.ilga.gov/house/RepCommittees.asp?MemberID=2810,82,R,,https://www.ilga.gov/images/members/%7B760BBA90-38A6-4917-8C3A-D28908F67ED7%7D.jpg,house/jim-durkin.jpg
House,Amy Elik,https://www.ilga.gov/house/Rep.asp?GA=102&MemberID=3002,https://www.ilga.gov/house/RepBills.asp?MemberID=3002,https://www.ilga.gov/house/RepCommittees.asp?MemberID=3002,111,R,,https://www.ilga.gov/images/members/%7BD070CEE6-55DF-4D51-961B-CCA4A0E49A8C%7D.jpg,house/amy-elik.jpg
House,"Marcus C. Evans, Jr.",https://www.ilga.gov/house/Rep.asp?GA=102&MemberID=2843,https://www.ilga.gov/house/RepBills.asp?MemberID=2843,https://www.ilga.gov/house/RepCommittees.asp?MemberID=2843,33,D,,https://www.ilga.gov/images/members/%7BBFD8B13A-CD65-452C-8F20-9D32C3A013BF%7D.jpg,house/marcus-c-evans-jr.jpg
House,Mary E. Flowers,https://www.ilga.gov/house/Rep.asp?GA=102&MemberID=2790,https://www.ilga.gov/house/RepBills.asp?MemberID=2790,https://www.ilga.gov/house/RepCommittees.asp?MemberID=2790,31,D,,https://www.ilga.gov/images/members/%7B3049B08D-BD65-4FCF-B82C-D46B0B4CCF4F%7D.jpg,house/mary-e-flowers.jpg
House,La Shawn K. Ford,https://www.ilga.gov/house/Rep.asp?GA=102&MemberID=2815,https://www.ilga.gov/house/RepBills.asp?MemberID=2815,https://www.ilga.gov/house/RepCommittees.asp?MemberID=2815,8,D,,https://www.ilga.gov/images/members/%7BBCC3C8D6-5728-4A69-8A3B-F203314DD563%7D.jpg,house/la-shawn-k-ford.jpg
House,Randy E. Frese,https://www.ilga.gov/house/Rep.asp?GA=102&MemberID=2881,https://www.ilga.gov/house/RepBills.asp?MemberID=2881,https://www.ilga.gov/house/RepCommittees.asp?MemberID=2881,94,R,,https://www.ilga.gov/images/members/%7BBFF3CD04-BFB6-4681-952F-D519B27FE904%7D.jpg,house/randy-e-frese.jpg
House,David Friess,https://www.ilga.gov/house/Rep.asp?GA=102&MemberID=3004,https://www.ilga.gov/house/RepBills.asp?MemberID=3004,https://www.ilga.gov/house/RepCommittees.asp?MemberID=3004,116,R,,https://www.ilga.gov/images/members/%7BC1F3982E-6DA7-4AE6-96B9-77E9FBC87A2A%7D.jpg,house/david-friess.jpg
House,Robyn Gabel,https://www.ilga.gov/house/Rep.asp?GA=102&MemberID=2825,https://www.ilga.gov/house/RepBills.asp?MemberID=2825,https://www.ilga.gov/house/RepCommittees.asp?MemberID=2825,18,D,,https://www.ilga.gov/images/members/%7B739CC8F9-E9E4-40A1-AB86-883EF9A5E313%7D.jpg,house/robyn-gabel.jpg
House,Jennifer Gong-Gershowitz,https://www.ilga.gov/house/Rep.asp?GA=102&MemberID=2945,https://www.ilga.gov/house/RepBills.asp?MemberID=2945,https://www.ilga.gov/house/RepCommittees.asp?MemberID=2945,17,D,,https://www.ilga.gov/images/members/%7B395E8140-10ED-4C70-81B9-2673676BF467%7D.jpg,house/jennifer-gong-gershowitz.jpg
House,"Edgar Gonzalez, Jr.",https://www.ilga.gov/house/Rep.asp?GA=102&MemberID=2975,https://www.ilga.gov/house/RepBills.asp?MemberID=2975,https://www.ilga.gov/house/RepCommittees.asp?MemberID=2975,21,D,,https://www.ilga.gov/images/members/%7B370B1494-7F8F-48BC-BD66-4756E15442E1%7D.jpg,house/edgar-gonzalez-jr.jpg
House,Jehan Gordon-Booth,https://www.ilga.gov/house/Rep.asp?GA=102&MemberID=2821,https://www.ilga.gov/house/RepBills.asp?MemberID=2821,https://www.ilga.gov/house/RepCommittees.asp?MemberID=2821,92,D,,https://www.ilga.gov/images/members/%7BA81D0C01-0A50-446D-B796-3A5A6D046EB1%7D.jpg,house/jehan-gordon-booth.jpg
House,Amy Grant,https://www.ilga.gov/house/Rep.asp?GA=102&MemberID=2955,https://www.ilga.gov/house/RepBills.asp?MemberID=2955,https://www.ilga.gov/house/RepCommittees.asp?MemberID=2955,42,R,,https://www.ilga.gov/images/members/%7B41DCC207-977E-45DC-BD10-A8AFDCEB673E%7D.jpg,house/amy-grant.jpg
House,LaToya Greenwood,https://www.ilga.gov/house/Rep.asp?GA=102&MemberID=2902,https://www.ilga.gov/house/RepBills.asp?MemberID=2902,https://www.ilga.gov/house/RepCommittees.asp?MemberID=2902,114,D,,https://www.ilga.gov/images/members/%7B87BFA17C-40F4-48B9-AFF5-5A0F37E8EEAF%7D.jpg,house/latoya-greenwood.jpg
House,Angelica Guerrero-Cuellar,https://www.ilga.gov/house/Rep.asp?GA=102&MemberID=3011,https://www.ilga.gov/house/RepBills.asp?MemberID=3011,https://www.ilga.gov/house/RepCommittees.asp?MemberID=3011,22,D,,https://www.ilga.gov/images/members/%7B22FBB36E-8A65-4E83-81F1-A20247A6B8F2%7D.jpg,house/angelica-guerrero-cuellar.jpg
House,Will Guzzardi,https://www.ilga.gov/house/Rep.asp?GA=102&MemberID=2884,https://www.ilga.gov/house/RepBills.asp?MemberID=2884,https://www.ilga.gov/house/RepCommittees.asp?MemberID=2884,39,D,,https://www.ilga.gov/images/members/%7BC127AF36-0EAE-48B6-8C31-86AAE3935790%7D.jpg,house/will-guzzardi.jpg
House,Jackie Haas,https://www.ilga.gov/house/Rep.asp?GA=102&MemberID=2981,https://www.ilga.gov/house/RepBills.asp?MemberID=2981,https://www.ilga.gov/house/RepCommittees.asp?MemberID=2981,79,R,,https://www.ilga.gov/images/members/%7B9E211C98-BCB9-43CF-8A78-57D295FB9D78%7D.jpg,house/jackie-haas.jpg
House,Brad Halbrook,https://www.ilga.gov/house/Rep.asp?GA=102&MemberID=2913,https://www.ilga.gov/house/RepBills.asp?MemberID=2913,https://www.ilga.gov/house/RepCommittees.asp?MemberID=2913,102,R,,https://www.ilga.gov/images/members/%7B3F3C3739-E087-440D-B006-33043A8F5083%7D.jpg,house/brad-halbrook.jpg
House,Michael Halpin,https://www.ilga.gov/house/Rep.asp?GA=102&MemberID=2903,https://www.ilga.gov/house/RepBills.asp?MemberID=2903,https://www.ilga.gov/house/RepCommittees.asp?MemberID=2903,72,D,,https://www.ilga.gov/images/members/%7B51EA8D97-3DDD-42AC-B607-CF1C1235CB56%7D.jpg,house/michael-halpin.jpg
House,Sandra Hamilton,https://www.ilga.gov/house/Rep.asp?GA=102&MemberID=3014,https://www.ilga.gov/house/RepBills.asp?MemberID=3014,https://www.ilga.gov/house/RepCommittees.asp?MemberID=3014,99,R,,https://www.ilga.gov/images/members/%7B081B04B4-59C6-4775-A840-B0DF082CB889%7D.jpg,house/sandra-hamilton.jpg
House,Norine K. Hammond,https://www.ilga.gov/house/Rep.asp?GA=102&MemberID=2838,https://www.ilga.gov/house/RepBills.asp?MemberID=2838,https://www.ilga.gov/house/RepCommittees.asp?MemberID=2838,93,R,,https://www.ilga.gov/images/members/%7B07D3914D-440A-4891-99AE-256F657BBFFF%7D.jpg,house/norine-k-hammond.jpg
House,Sonya M. Harper,https://www.ilga.gov/house/Rep.asp?GA=102&MemberID=2892,https://www.ilga.gov/house/RepBills.asp?MemberID=2892,https://www.ilga.gov/house/RepCommittees.asp?MemberID=2892,6,D,,https://www.ilga.gov/images/members/%7B04C99384-69F8-4ACE-9E43-11E21CC5F820%7D.jpg,house/sonya-m-harper.jpg
House,Greg Harris,https://www.ilga.gov/house/Rep.asp?GA=102&MemberID=2811,https://www.ilga.gov/house/RepBills.asp?MemberID=2811,https://www.ilga.gov/house/RepCommittees.asp?MemberID=2811,13,D,,https://www.ilga.gov/images/members/%7B8EDBEBE1-17C3-4EBA-A5AA-9DC1321DB0B3%7D.jpg,house/greg-harris.jpg
House,Barbara Hernandez,https://www.ilga.gov/house/Rep.asp?GA=102&MemberID=2967,https://www.ilga.gov/house/RepBills.asp?MemberID=2967,https://www.ilga.gov/house/RepCommittees.asp?MemberID=2967,83,D,,https://www.ilga.gov/images/members/%7BE3518E4F-7AAF-4D93-8985-336197D96094%7D.jpg,house/barbara-hernandez.jpg
House,Elizabeth Hernandez,https://www.ilga.gov/house/Rep.asp?GA=102&MemberID=2816,https://www.ilga.gov/house/RepBills.asp?MemberID=2816,https://www.ilga.gov/house/RepCommittees.asp?MemberID=2816,24,D,,https://www.ilga.gov/images/members/%7B4E4C2A21-FDC2-48CA-9BA8-462A62E7A33B%7D.jpg,house/elizabeth-hernandez.jpg
House,Maura Hirschauer,https://www.ilga.gov/house/Rep.asp?GA=102&MemberID=2995,https://www.ilga.gov/house/RepBills.asp?MemberID=2995,https://www.ilga.gov/house/RepCommittees.asp?MemberID=2995,49,D,,https://www.ilga.gov/images/members/%7BF62525B8-2C23-49B7-AAB8-EFA6AE575F68%7D.jpg,house/maura-hirschauer.jpg
House,Jay Hoffman,https://www.ilga.gov/house/Rep.asp?GA=102&MemberID=2874,https://www.ilga.gov/house/RepBills.asp?MemberID=2874,https://www.ilga.gov/house/RepCommittees.asp?MemberID=2874,113,D,,https://www.ilga.gov/images/members/%7BFCD7EF06-36D9-46A7-8085-4B5A5ED81A80%7D.jpg,house/jay-hoffman.jpg
House,Frances Ann Hurley,https://www.ilga.gov/house/Rep.asp?GA=102&MemberID=2862,https://www.ilga.gov/house/RepBills.asp?MemberID=2862,https://www.ilga.gov/house/RepCommittees.asp?MemberID=2862,35,D,,https://www.ilga.gov/images/members/%7BE5ABA68E-10AC-4592-B38E-2C65AFB777B2%7D.jpg,house/frances-ann-hurley.jpg
House,Paul Jacobs,https://www.ilga.gov/house/Rep.asp?GA=102&MemberID=3003,https://www.ilga.gov/house/RepBills.asp?MemberID=3003,https://www.ilga.gov/house/RepCommittees.asp?MemberID=3003,115,R,,https://www.ilga.gov/images/members/%7B0E151A06-57C8-4261-9577-278F5DD4B717%7D.jpg,house/paul-jacobs.jpg
House,Thaddeus Jones,https://www.ilga.gov/house/Rep.asp?GA=102&MemberID=2833,https://www.ilga.gov/house/RepBills.asp?MemberID=2833,https://www.ilga.gov/house/RepCommittees.asp?MemberID=2833,29,D,,https://www.ilga.gov/images/members/%7B6EE82A11-2CC6-48E9-9DE6-61D83EBCAB6B%7D.jpg,house/thaddeus-jones.jpg
House,Jeff Keicher,https://www.ilga.gov/house/Rep.asp?GA=102&MemberID=2921,https://www.ilga.gov/house/RepBills.asp?MemberID=2921,https://www.ilga.gov/house/RepCommittees.asp?MemberID=2921,70,R,,https://www.ilga.gov/images/members/%7BFD009EA6-624D-45C7-A093-BC66B8B3C090%7D.jpg,house/jeff-keicher.jpg
House,Michael Kelly,https://www.ilga.gov/house/Rep.asp?GA=102&MemberID=3013,https://www.ilga.gov/house/RepBills.asp?MemberID=3013,https://www.ilga.gov/house/RepCommittees.asp?MemberID=3013,15,D,,https://www.ilga.gov/images/members/%7B90B28E06-84A0-47EB-A80B-403DF4CDA607%7D.jpg,house/michael-kelly.jpg
House,Stephanie A. Kifowit,https://www.ilga.gov/house/Rep.asp?GA=102&MemberID=2868,https://www.ilga.gov/house/RepBills.asp?MemberID=2868,https://www.ilga.gov/house/RepCommittees.asp?MemberID=2868,84,D,,https://www.ilga.gov/images/members/%7B96E18070-8D3D-4EEC-8432-8A30FEC19E5C%7D.jpg,house/stephanie-a-kifowit.jpg
House,Lindsey LaPointe,https://www.ilga.gov/house/Rep.asp?GA=102&MemberID=2972,https://www.ilga.gov/house/RepBills.asp?MemberID=2972,https://www.ilga.gov/house/RepCommittees.asp?MemberID=2972,19,D,,https://www.ilga.gov/images/members/%7B7447C9D9-48D0-457E-BDC9-847FB8D35DB5%7D.jpg,house/lindsey-lapointe.jpg
House,Seth Lewis,https://www.ilga.gov/house/Rep.asp?GA=102&MemberID=2994,https://www.ilga.gov/house/RepBills.asp?MemberID=2994,https://www.ilga.gov/house/RepCommittees.asp?MemberID=2994,45,R,,https://www.ilga.gov/images/members/%7BA6F8A7CD-1A0F-46BA-BAA7-1D0FD11E43CF%7D.jpg,house/seth-lewis.jpg
House,Camille Y. Lilly,https://www.ilga.gov/house/Rep.asp?GA=102&MemberID=2826,https://www.ilga.gov/house/RepBills.asp?MemberID=2826,https://www.ilga.gov/house/RepCommittees.asp?MemberID=2826,78,D,,https://www.ilga.gov/images/members/%7B84D8FB64-9F82-405A-9376-A69ADFB46E53%7D.jpg,house/camille-y-lilly.jpg
House,Mark Luft,https://www.ilga.gov/house/Rep.asp?GA=102&MemberID=3000,https://www.ilga.gov/house/RepBills.asp?MemberID=3000,https://www.ilga.gov/house/RepCommittees.asp?MemberID=3000,91,R,,https://www.ilga.gov/images/members/%7B3BAF16F7-00F7-433F-92AE-8F708396B421%7D.jpg,house/mark-luft.jpg
House,Theresa Mah,https://www.ilga.gov/house/Rep.asp?GA=102&MemberID=2904,https://www.ilga.gov/house/RepBills.asp?MemberID=2904,https://www.ilga.gov/house/RepCommittees.asp?MemberID=2904,2,D,,https://www.ilga.gov/images/members/%7B808BAA30-BB82-437A-9A76-386F9A65A073%7D.jpg,house/theresa-mah.jpg
House,Natalie A. Manley,https://www.ilga.gov/house/Rep.asp?GA=102&MemberID=2870,https://www.ilga.gov/house/RepBills.asp?MemberID=2870,https://www.ilga.gov/house/RepCommittees.asp?MemberID=2870,98,D,,https://www.ilga.gov/images/members/%7BF3781CCA-4285-44C3-8E60-811B9229EA1B%7D.jpg,house/natalie-a-manley.jpg
House,Michael T. Marron,https://www.ilga.gov/house/Rep.asp?GA=102&MemberID=2924,https://www.ilga.gov/house/RepBills.asp?MemberID=2924,https://www.ilga.gov/house/RepCommittees.asp?MemberID=2924,104,R,,https://www.ilga.gov/images/members/%7BC3BE26CD-E738-4985-8F5B-069F76189A73%7D.jpg,house/michael-t-marron.jpg
House,Joyce Mason,https://www.ilga.gov/house/Rep.asp?GA=102&MemberID=2952,https://www.ilga.gov/house/RepBills.asp?MemberID=2952,https://www.ilga.gov/house/RepCommittees.asp?MemberID=2952,61,D,,https://www.ilga.gov/images/members/%7B26C52E17-9395-4BF8-B6E6-3E1CE6234032%7D.jpg,house/joyce-mason.jpg
House,Rita Mayfield,https://www.ilga.gov/house/Rep.asp?GA=102&MemberID=2827,https://www.ilga.gov/house/RepBills.asp?MemberID=2827,https://www.ilga.gov/house/RepCommittees.asp?MemberID=2827,60,D,,https://www.ilga.gov/images/members/%7B3A2DAB8B-B5F8-48EE-85D3-05894ED42A5D%7D.jpg,house/rita-mayfield.jpg
House,Deanne M. Mazzochi,https://www.ilga.gov/house/Rep.asp?GA=102&MemberID=2920,https://www.ilga.gov/house/RepBills.asp?MemberID=2920,https://www.ilga.gov/house/RepCommittees.asp?MemberID=2920,47,R,,https://www.ilga.gov/images/members/%7BEFDF86C3-4EAD-4265-B666-C24FFF65F9E1%7D.jpg,house/deanne-m-mazzochi.jpg
House,Tony McCombie,https://www.ilga.gov/house/Rep.asp?GA=102&MemberID=2905,https://www.ilga.gov/house/RepBills.asp?MemberID=2905,https://www.ilga.gov/house/RepCommittees.asp?MemberID=2905,71,R,,https://www.ilga.gov/images/members/%7B0766A6E9-981F-491B-B3A1-12DF91F1DBDA%7D.jpg,house/tony-mccombie.jpg
House,Martin McLaughlin,https://www.ilga.gov/house/Rep.asp?GA=102&MemberID=2997,https://www.ilga.gov/house/RepBills.asp?MemberID=2997,https://www.ilga.gov/house/RepCommittees.asp?MemberID=2997,52,R,,https://www.ilga.gov/images/members/%7BF90CD638-AB1B-4A73-A003-02D9A911B599%7D.jpg,house/martin-mclaughlin.jpg
House,Charles Meier,https://www.ilga.gov/house/Rep.asp?GA=102&MemberID=2873,https://www.ilga.gov/house/RepBills.asp?MemberID=2873,https://www.ilga.gov/house/RepCommittees.asp?MemberID=2873,108,R,,https://www.ilga.gov/images/members/%7B9D43D019-A58A-47EC-B769-A7050C4B49DB%7D.jpg,house/charles-meier.jpg
House,Debbie Meyers-Martin,https://www.ilga.gov/house/Rep.asp?GA=102&MemberID=2942,https://www.ilga.gov/house/RepBills.asp?MemberID=2942,https://www.ilga.gov/house/RepCommittees.asp?MemberID=2942,38,D,,https://www.ilga.gov/images/members/%7BE3E2099C-AB6A-442B-B191-3A83D6D3A1E2%7D.jpg,house/debbie-meyers-martin.jpg
House,Chris Miller,https://www.ilga.gov/house/Rep.asp?GA=102&MemberID=2959,https://www.ilga.gov/house/RepBills.asp?MemberID=2959,https://www.ilga.gov/house/RepCommittees.asp?MemberID=2959,110,R,,https://www.ilga.gov/images/members/%7B2A519012-9070-494B-9FFC-C2646374202E%7D.jpg,house/chris-miller.jpg
House,Anna Moeller,https://www.ilga.gov/house/Rep.asp?GA=102&MemberID=2876,https://www.ilga.gov/house/RepBills.asp?MemberID=2876,https://www.ilga.gov/house/RepCommittees.asp?MemberID=2876,43,D,,https://www.ilga.gov/images/members/%7BDCE9D682-0582-49BD-AD67-98C2502D89C2%7D.jpg,house/anna-moeller.jpg
House,Bob Morgan,https://www.ilga.gov/house/Rep.asp?GA=102&MemberID=2946,https://www.ilga.gov/house/RepBills.asp?MemberID=2946,https://www.ilga.gov/house/RepCommittees.asp?MemberID=2946,58,D,,https://www.ilga.gov/images/members/%7BA3460802-617C-4097-B043-6D63A11278AC%7D.jpg,house/bob-morgan.jpg
House,Thomas Morrison,https://www.ilga.gov/house/Rep.asp?GA=102&MemberID=2834,https://www.ilga.gov/house/RepBills.asp?MemberID=2834,https://www.ilga.gov/house/RepCommittees.asp?MemberID=2834,54,R,,https://www.ilga.gov/images/members/%7B590FA09F-B685-4E88-B384-B5EE3F2D58E8%7D.jpg,house/thomas-morrison.jpg
House,Martin J. Moylan,https://www.ilga.gov/house/Rep.asp?GA=102&MemberID=2865,https://www.ilga.gov/house/RepBills.asp?MemberID=2865,https://www.ilga.gov/house/RepCommittees.asp?MemberID=2865,55,D,,https://www.ilga.gov/images/members/%7B3E365092-6B37-486C-996B-C140284F8723%7D.jpg,house/martin-j-moylan.jpg
House,Michelle Mussman,https://www.ilga.gov/house/Rep.asp?GA=102&MemberID=2835,https://www.ilga.gov/house/RepBills.asp?MemberID=2835,https://www.ilga.gov/house/RepCommittees.asp?MemberID=2835,56,D,,https://www.ilga.gov/images/members/%7B63BBD5DE-333E-4015-8658-4F7B2D45E1B7%7D.jpg,house/michelle-mussman.jpg
House,Suzanne Ness,https://www.ilga.gov/house/Rep.asp?GA=102&MemberID=3005,https://www.ilga.gov/house/RepBills.asp?MemberID=3005,https://www.ilga.gov/house/RepCommittees.asp?MemberID=3005,66,D,,https://www.ilga.gov/images/members/%7B735B1C5A-1929-4EC8-92B4-72E58D74E743%7D.jpg,house/suzanne-ness.jpg
House,Cyril Nichols,https://www.ilga.gov/house/Rep.asp?GA=102&MemberID=3012,https://www.ilga.gov/house/RepBills.asp?MemberID=3012,https://www.ilga.gov/house/RepCommittees.asp?MemberID=3012,32,D,,https://www.ilga.gov/images/members/%7BE6B2E40B-0892-434C-854D-629B94E609A4%7D.jpg,house/cyril-nichols.jpg
House,Adam Niemerg,https://www.ilga.gov/house/Rep.asp?GA=102&MemberID=3001,https://www.ilga.gov/house/RepBills.asp?MemberID=3001,https://www.ilga.gov/house/RepCommittees.asp?MemberID=3001,109,R,,https://www.ilga.gov/images/members/%7BEDDABDD8-51A3-413F-B2A0-FA5953D29598%7D.jpg,house/adam-niemerg.jpg
House,Aaron M. Ortiz,https://www.ilga.gov/house/Rep.asp?GA=102&MemberID=2953,https://www.ilga.gov/house/RepBills.asp?MemberID=2953,https://www.ilga.gov/house/RepCommittees.asp?MemberID=2953,1,D,,https://www.ilga.gov/images/members/%7BD96B0DF9-0E06-487B-825C-AB0BE8C3CA1E%7D.jpg,house/aaron-m-ortiz.jpg
House,Tim Ozinga,https://www.ilga.gov/house/Rep.asp?GA=102&MemberID=2984,https://www.ilga.gov/house/RepBills.asp?MemberID=2984,https://www.ilga.gov/house/RepCommittees.asp?MemberID=2984,37,R,,https://www.ilga.gov/images/members/%7BD63FEADE-8FB9-42B9-8708-A02E758A7DB5%7D.jpg,house/tim-ozinga.jpg
House,Delia C. Ramirez,https://www.ilga.gov/house/Rep.asp?GA=102&MemberID=2948,https://www.ilga.gov/house/RepBills.asp?MemberID=2948,https://www.ilga.gov/house/RepCommittees.asp?MemberID=2948,4,D,,https://www.ilga.gov/images/members/%7B9191D594-17C7-4AE7-8391-69AC35855F8C%7D.jpg,house/delia-c-ramirez.jpg
House,Steven Reick,https://www.ilga.gov/house/Rep.asp?GA=102&MemberID=2907,https://www.ilga.gov/house/RepBills.asp?MemberID=2907,https://www.ilga.gov/house/RepCommittees.asp?MemberID=2907,63,R,,https://www.ilga.gov/images/members/%7BD4845B6E-9A2E-4F0E-9F70-503B2E5891CA%7D.jpg,house/steven-reick.jpg
House,Robert Rita,https://www.ilga.gov/house/Rep.asp?GA=102&MemberID=2802,https://www.ilga.gov/house/RepBills.asp?MemberID=2802,https://www.ilga.gov/house/RepCommittees.asp?MemberID=2802,28,D,,https://www.ilga.gov/images/members/%7BAC16F1E8-0988-4A08-A2E5-EF4D06371A24%7D.jpg,house/robert-rita.jpg
House,"Lamont J. Robinson, Jr.",https://www.ilga.gov/house/Rep.asp?GA=102&MemberID=2947,https://www.ilga.gov/house/RepBills.asp?MemberID=2947,https://www.ilga.gov/house/RepCommittees.asp?MemberID=2947,5,D,,https://www.ilga.gov/images/members/%7BADEF6C52-D60E-41E7-91CA-ED943108D35B%7D.jpg,house/lamont-j-robinson-jr.jpg
House,Sue Scherer,https://www.ilga.gov/house/Rep.asp?GA=102&MemberID=2871,https://www.ilga.gov/house/RepBills.asp?MemberID=2871,https://www.ilga.gov/house/RepCommittees.asp?MemberID=2871,96,D,,https://www.ilga.gov/images/members/%7BA0B92E66-B4F7-4B85-A7F2-14C0153B426F%7D.jpg,house/sue-scherer.jpg
House,Dave Severin,https://www.ilga.gov/house/Rep.asp?GA=102&MemberID=2908,https://www.ilga.gov/house/RepBills.asp?MemberID=2908,https://www.ilga.gov/house/RepCommittees.asp?MemberID=2908,117,R,,https://www.ilga.gov/images/members/%7BFC792043-4CE1-4796-BA38-E68B39A9847A%7D.jpg,house/dave-severin.jpg
House,Justin Slaughter,https://www.ilga.gov/house/Rep.asp?GA=102&MemberID=2900,https://www.ilga.gov/house/RepBills.asp?MemberID=2900,https://www.ilga.gov/house/RepCommittees.asp?MemberID=2900,27,D,,https://www.ilga.gov/images/members/%7B170C17F3-38A1-42E5-B222-020B43077D53%7D.jpg,house/justin-slaughter.jpg
House,Nicholas K. Smith,https://www.ilga.gov/house/Rep.asp?GA=102&MemberID=2919,https://www.ilga.gov/house/RepBills.asp?MemberID=2919,https://www.ilga.gov/house/RepCommittees.asp?MemberID=2919,34,D,,https://www.ilga.gov/images/members/%7B4D7D283C-73C8-40F8-A3F0-7FA9301456F5%7D.jpg,house/nicholas-k-smith.jpg
House,Keith P. Sommer,https://www.ilga.gov/house/Rep.asp?GA=102&MemberID=2793,https://www.ilga.gov/house/RepBills.asp?MemberID=2793,https://www.ilga.gov/house/RepCommittees.asp?MemberID=2793,88,R,,https://www.ilga.gov/images/members/%7BC88F32E6-78FD-4BFF-9894-105CEC155A8F%7D.jpg,house/keith-p-sommer.jpg
House,Joe Sosnowski,https://www.ilga.gov/house/Rep.asp?GA=102&MemberID=2836,https://www.ilga.gov/house/RepBills.asp?MemberID=2836,https://www.ilga.gov/house/RepCommittees.asp?MemberID=2836,69,R,,https://www.ilga.gov/images/members/%7B7DEBF89C-D2BA-4952-94A2-40F564A00144%7D.jpg,house/joe-sosnowski.jpg
House,Ryan Spain,https://www.ilga.gov/house/Rep.asp?GA=102&MemberID=2910,https://www.ilga.gov/house/RepBills.asp?MemberID=2910,https://www.ilga.gov/house/RepCommittees.asp?MemberID=2910,73,R,,https://www.ilga.gov/images/members/%7B4C25C70B-0E39-406B-9318-A899C2A6D1B0%7D.jpg,house/ryan-spain.jpg
House,Anne Stava-Murray,https://www.ilga.gov/house/Rep.asp?GA=102&MemberID=2941,https://www.ilga.gov/house/RepBills.asp?MemberID=2941,https://www.ilga.gov/house/RepCommittees.asp?MemberID=2941,81,D,,https://www.ilga.gov/images/members/%7B0322F94E-013C-4237-9808-4462138AC595%7D.jpg,house/anne-stava-murray.jpg
House,Bradley Stephens,https://www.ilga.gov/house/Rep.asp?GA=102&MemberID=2971,https://www.ilga.gov/house/RepBills.asp?MemberID=2971,https://www.ilga.gov/house/RepCommittees.asp?MemberID=2971,20,R,,https://www.ilga.gov/images/members/%7BBD3836AC-CD0C-4E20-AD4C-1F2AEA56A8A2%7D.jpg,house/bradley-stephens.jpg
House,Denyse Wang Stoneback,https://www.ilga.gov/house/Rep.asp?GA=102&MemberID=2992,https://www.ilga.gov/house/RepBills.asp?MemberID=2992,https://www.ilga.gov/house/RepCommittees.asp?MemberID=2992,16,D,,https://www.ilga.gov/images/members/%7B39444CDF-BE64-420C-B1C0-E33D4E3924D4%7D.jpg,house/denyse-wang-stoneback.jpg
House,Katie Stuart,https://www.ilga.gov/house/Rep.asp?GA=102&MemberID=2911,https://www.ilga.gov/house/RepBills.asp?MemberID=2911,https://www.ilga.gov/house/RepCommittees.asp?MemberID=2911,112,D,,https://www.ilga.gov/images/members/%7BD6DC8152-9760-4BEA-ACF5-C41785E6F6C4%7D.jpg,house/katie-stuart.jpg
House,Daniel Swanson,https://www.ilga.gov/house/Rep.asp?GA=102&MemberID=2912,https://www.ilga.gov/house/RepBills.asp?MemberID=2912,https://www.ilga.gov/house/RepCommittees.asp?MemberID=2912,74,R,,https://www.ilga.gov/images/members/%7BF7512D74-4694-4272-9A1E-6935F4AD4F1D%7D.jpg,house/daniel-swanson.jpg
House,"Curtis J. Tarver, II",https://www.ilga.gov/house/Rep.asp?GA=102&MemberID=2949,https://www.ilga.gov/house/RepBills.asp?MemberID=2949,https://www.ilga.gov/house/RepCommittees.asp?MemberID=2949,25,D,,https://www.ilga.gov/images/members/%7BE9404756-F108-41DB-A7A8-87C36BBF763D%7D.jpg,house/curtis-j-tarver-ii.jpg
House,Dan Ugaste,https://www.ilga.gov/house/Rep.asp?GA=102&MemberID=2954,https://www.ilga.gov/house/RepBills.asp?MemberID=2954,https://www.ilga.gov/house/RepCommittees.asp?MemberID=2954,65,R,,https://www.ilga.gov/images/members/%7B2552FBE4-D977-4283-B00C-78FC085BD955%7D.jpg,house/dan-ugaste.jpg
House,Dave Vella,https://www.ilga.gov/house/Rep.asp?GA=102&MemberID=2998,https://www.ilga.gov/house/RepBills.asp?MemberID=2998,https://www.ilga.gov/house/RepCommittees.asp?MemberID=2998,68,D,,https://www.ilga.gov/images/members/%7BE0F72B4C-2737-483E-84FE-E596DB8F2DCF%7D.jpg,house/dave-vella.jpg
House,Mark L. Walker,https://www.ilga.gov/house/Rep.asp?GA=102&MemberID=2944,https://www.ilga.gov/house/RepBills.asp?MemberID=2944,https://www.ilga.gov/house/RepCommittees.asp?MemberID=2944,53,D,,https://www.ilga.gov/images/members/%7BBC2AF76D-FAE4-44C4-8632-AA4E629A9678%7D.jpg,house/mark-l-walker.jpg
House,"Lawrence Walsh, Jr.",https://www.ilga.gov/house/Rep.asp?GA=102&MemberID=2844,https://www.ilga.gov/house/RepBills.asp?MemberID=2844,https://www.ilga.gov/house/RepCommittees.asp?MemberID=2844,86,D,,https://www.ilga.gov/images/members/%7BF11DA3BE-D8FF-48F0-8450-43231B4DD28F%7D.jpg,house/lawrence-walsh-jr.jpg
House,Tom Weber,https://www.ilga.gov/house/Rep.asp?GA=102&MemberID=2956,https://www.ilga.gov/house/RepBills.asp?MemberID=2956,https://www.ilga.gov/house/RepCommittees.asp?MemberID=2956,64,R,,https://www.ilga.gov/images/members/%7B4C80DF49-91D2-4C24-981E-BBE946A671D2%7D.jpg,house/tom-weber.jpg
House,Emanuel Chris Welch,https://www.ilga.gov/house/Rep.asp?GA=102&MemberID=2859,https://www.ilga.gov/house/RepBills.asp?MemberID=2859,https://www.ilga.gov/house/RepCommittees.asp?MemberID=2859,7,D,,https://www.ilga.gov/images/members/%7B5D419B94-66B4-4F3B-86F1-BFF37B3FA55C%7D.jpg,house/emanuel-chris-welch.jpg
House,David A. Welter,https://www.ilga.gov/house/Rep.asp?GA=102&MemberID=2895,https://www.ilga.gov/house/RepBills.asp?MemberID=2895,https://www.ilga.gov/house/RepCommittees.asp?MemberID=2895,75,R,,https://www.ilga.gov/images/members/%7BFDBB59A3-86E8-4DAA-9A29-27419536211A%7D.jpg,house/david-a-welter.jpg
House,"Maurice A. West, II",https://www.ilga.gov/house/Rep.asp?GA=102&MemberID=2937,https://www.ilga.gov/house/RepBills.asp?MemberID=2937,https://www.ilga.gov/house/RepCommittees.asp?MemberID=2937,67,D,,https://www.ilga.gov/images/members/%7BAFB160BE-629B-4C70-8541-877D6FCDE529%7D.jpg,house/maurice-a-west-ii.jpg
House,Keith R. Wheeler,https://www.ilga.gov/house/Rep.asp?GA=102&MemberID=2883,https://www.ilga.gov/house/RepBills.asp?MemberID=2883,https://www.ilga.gov/house/RepCommittees.asp?MemberID=2883,50,R,,https://www.ilga.gov/images/members/%7BE55EB524-32B8-4A2A-951D-4BD5A1182F5B%7D.jpg,house/keith-r-wheeler.jpg
House,Blaine Wilhour,https://www.ilga.gov/house/Rep.asp?GA=102&MemberID=2962,https://www.ilga.gov/house/RepBills.asp?MemberID=2962,https://www.ilga.gov/house/RepCommittees.asp?MemberID=2962,107,R,,https://www.ilga.gov/images/members/%7B66C5580C-A414-41BB-B3AC-638925AC34CD%7D.jpg,house/blaine-wilhour.jpg
House,Ann M. Williams,https://www.ilga.gov/house/Rep.asp?GA=102&MemberID=2837,https://www.ilga.gov/house/RepBills.asp?MemberID=2837,https://www.ilga.gov/house/RepCommittees.asp?MemberID=2837,11,D,,https://www.ilga.gov/images/members/%7BC45B418C-4848-4467-ADC2-739B2D1E4418%7D.jpg,house/ann-m-williams.jpg
House,Jawaharial Williams,https://www.ilga.gov/house/Rep.asp?GA=102&MemberID=2969,https://www.ilga.gov/house/RepBills.asp?MemberID=2969,https://www.ilga.gov/house/RepCommittees.asp?MemberID=2969,10,D,,https://www.ilga.gov/images/members/%7B32750D93-496F-42CA-9CCE-93C3451713A1%7D.jpg,house/jawaharial-williams.jpg
House,Kathleen Willis,https://www.ilga.gov/house/Rep.asp?GA=102&MemberID=2867,https://www.ilga.gov/house/RepBills.asp?MemberID=2867,https://www.ilga.gov/house/RepCommittees.asp?MemberID=2867,77,D,,https://www.ilga.gov/images/members/%7B771B20C1-5974-452E-9CE7-D8070D5A82FF%7D.jpg,house/kathleen-willis.jpg
House,Patrick Windhorst,https://www.ilga.gov/house/Rep.asp?GA=102&MemberID=2961,https://www.ilga.gov/house/RepBills.asp?MemberID=2961,https://www.ilga.gov/house/RepCommittees.asp?MemberID=2961,118,R,,https://www.ilga.gov/images/members/%7B547F9C92-7368-4390-B625-5BB795568D50%7D.jpg,house/patrick-windhorst.jpg
House,Janet Yang Rohr,https://www.ilga.gov/house/Rep.asp?GA=102&MemberID=2993,https://www.ilga.gov/house/RepBills.asp?MemberID=2993,https://www.ilga.gov/house/RepCommittees.asp?MemberID=2993,41,D,,https://www.ilga.gov/images/members/%7B4B315A2D-F104-4613-BD17-77ECA3955B30%7D.jpg,house/janet-yang-rohr.jpg
House,Lance Yednock,https://www.ilga.gov/house/Rep.asp?GA=102&MemberID=2951,https://www.ilga.gov/house/RepBills.asp?MemberID=2951,https://www.ilga.gov/house/RepCommittees.asp?MemberID=2951,76,D,,https://www.ilga.gov/images/members/%7B2F9A6E55-09F7-4C26-AEEC-9A9D32773201%7D.jpg,house/lance-yednock.jpg
House,Sam Yingling,https://www.ilga.gov/house/Rep.asp?GA=102&MemberID=2866,https://www.ilga.gov/house/RepBills.asp?MemberID=2866,https://www.ilga.gov/house/RepCommittees.asp?MemberID=2866,62,D,,https://www.ilga.gov/images/members/%7B4A9D137F-EA10-4C6A-BAB4-27CE34D4BED1%7D.jpg,house/sam-yingling.jpg
House,Michael J. Zalewski,https://www.ilga.gov/house/Rep.asp?GA=102&MemberID=2819,https://www.ilga.gov/house/RepBills.asp?MemberID=2819,https://www.ilga.gov/house/RepCommittees.asp?MemberID=2819,23,D,,https://www.ilga.gov/images/members/%7B120BA436-317C-406F-9408-F648E3594BA1%7D.jpg,house/michael-j-zalewski.jpg
Senate,Neil Anderson,https://www.ilga.gov/senate/Senator.asp?GA=102&MemberID=2886,https://www.ilga.gov/senate/SenatorBills.asp?MemberID=2886,https://www.ilga.gov/senate/SenCommittees.asp?MemberID=2886,36,R,,https://www.ilga.gov/images/members/%7B90CDA259-1DEA-4D18-AE97-30051E03D154%7D.jpg,senate/neil-anderson.jpg
Senate,Omar Aquino,https://www.ilga.gov/senate/Senator.asp?GA=102&MemberID=2894,https://www.ilga.gov/senate/SenatorBills.asp?MemberID=2894,https://www.ilga.gov/senate/SenCommittees.asp?MemberID=2894,2,D,,https://www.ilga.gov/images/members/%7B79A5CDE2-DD9F-423E-83F0-4643FDB13ABB%7D.jpg,senate/omar-aquino.jpg
Senate,Darren Bailey,https://www.ilga.gov/senate/Senator.asp?GA=102&MemberID=2989,https://www.ilga.gov/senate/SenatorBills.asp?MemberID=2989,https://www.ilga.gov/senate/SenCommittees.asp?MemberID=2989,55,R,,https://www.ilga.gov/images/members/%7BFB025E91-2025-4C39-BBC8-3196C761769E%7D.jpg,senate/darren-bailey.jpg
Senate,Jason A. Barickman,https://www.ilga.gov/senate/Senator.asp?GA=102&MemberID=2846,https://www.ilga.gov/senate/SenatorBills.asp?MemberID=2846,https://www.ilga.gov/senate/SenCommittees.asp?MemberID=2846,53,R,,https://www.ilga.gov/images/members/%7B73221756-E2C7-4B72-8907-701CC96B7ED2%7D.jpg,senate/jason-a-barickman.jpg
Senate,Christopher Belt,https://www.ilga.gov/senate/Senator.asp?GA=102&MemberID=2927,https://www.ilga.gov/senate/SenatorBills.asp?MemberID=2927,https://www.ilga.gov/senate/SenCommittees.asp?MemberID=2927,57,D,,https://www.ilga.gov/images/members/%7BEFE7513C-260C-46DE-BAB3-A12F250B2937%7D.jpg,senate/christopher-belt.jpg
Senate,Scott M. Bennett,https://www.ilga.gov/senate/Senator.asp?GA=102&MemberID=2887,https://www.ilga.gov/senate/SenatorBills.asp?MemberID=2887,https://www.ilga.gov/senate/SenCommittees.asp?MemberID=2887,52,D,,https://www.ilga.gov/images/members/%7B8F1A0093-CB44-43C1-9D4D-67266A50A8C6%7D.jpg,senate/scott-m-bennett.jpg
Senate,Terri Bryant,https://www.ilga.gov/senate/Senator.asp?GA=102&MemberID=2990,https://www.ilga.gov/senate/SenatorBills.asp?MemberID=2990,https://www.ilga.gov/senate/SenCommittees.asp?MemberID=2990,58,R,,https://www.ilga.gov/images/members/%7B58FBFE5F-39EE-4F3C-853A-0DB98E83E893%7D.jpg,senate/terri-bryant.jpg
Senate,Melinda Bush,https://www.ilga.gov/senate/Senator.asp?GA=102&MemberID=2848,https://www.ilga.gov/senate/SenatorBills.asp?MemberID=2848,https://www.ilga.gov/senate/SenCommittees.asp?MemberID=2848,31,D,,https://www.ilga.gov/images/members/%7B772B9650-EA19-4BC6-9C53-F76EB5DA14B3%7D.jpg,senate/melinda-bush.jpg
Senate,Cristina Castro,https://www.ilga.gov/senate/Senator.asp?GA=102&MemberID=2896,https://www.ilga.gov/senate/SenatorBills.asp?MemberID=2896,https://www.ilga.gov/senate/SenCommittees.asp?MemberID=2896,22,D,,https://www.ilga.gov/images/members/%7BF09EB558-EB8D-48B1-91F0-EF47A07632F5%7D.jpg,senate/cristina-castro.jpg
Senate,Jacqueline Y. Collins,https://www.ilga.gov/senate/Senator.asp?GA=102&MemberID=2804,https://www.ilga.gov/senate/SenatorBills.asp?MemberID=2804,https://www.ilga.gov/senate/SenCommittees.asp?MemberID=2804,16,D,,https://www.ilga.gov/images/members/%7BD2A0AAA1-D1A0-49D3-8A11-78A1A73D73A9%7D.jpg,senate/jacqueline-y-collins.jpg
Senate,John Connor,https://www.ilga.gov/senate/Senator.asp?GA=102&MemberID=2988,https://www.ilga.gov/senate/SenatorBills.asp?MemberID=2988,https://www.ilga.gov/senate/SenCommittees.asp?MemberID=2988,43,D,,https://www.ilga.gov/images/members/%7B7C3BEF77-7346-4A40-BC59-472919A869B8%7D.jpg,senate/john-connor.jpg
Senate,Rachelle Crowe,https://www.ilga.gov/senate/Senator.asp?GA=102&MemberID=2928,https://www.ilga.gov/senate/SenatorBills.asp?MemberID=2928,https://www.ilga.gov/senate/SenCommittees.asp?MemberID=2928,56,D,,https://www.ilga.gov/images/members/%7B05406617-A6A5-4533-852E-04678B860D88%7D.jpg,senate/rachelle-crowe.jpg
Senate,Bill Cunningham,https://www.ilga.gov/senate/Senator.asp?GA=102&MemberID=2850,https://www.ilga.gov/senate/SenatorBills.asp?MemberID=2850,https://www.ilga.gov/senate/SenCommittees.asp?MemberID=2850,18,D,,https://www.ilga.gov/images/members/%7B402F0454-4EAF-4721-993D-53C7459BA35B%7D.jpg,senate/bill-cunningham.jpg
Senate,John F. Curran,https://www.ilga.gov/senate/Senator.asp?GA=102&MemberID=2915,https://www.ilga.gov/senate/SenatorBills.asp?MemberID=2915,https://www.ilga.gov/senate/SenCommittees.asp?MemberID=2915,41,R,,https://www.ilga.gov/images/members/%7B7FC724D0-C297-4D20-AC25-3D879DE286B8%7D.jpg,senate/john-f-curran.jpg
Senate,Donald P. DeWitte,https://www.ilga.gov/senate/Senator.asp?GA=102&MemberID=2923,https://www.ilga.gov/senate/SenatorBills.asp?MemberID=2923,https://www.ilga.gov/senate/SenCommittees.asp?MemberID=2923,33,R,,https://www.ilga.gov/images/members/%7B21A3B029-3423-410E-818A-84512CD0D231%7D.jpg,senate/donald-p-dewitte.jpg
Senate,Laura Ellman,https://www.ilga.gov/senate/Senator.asp?GA=102&MemberID=2930,https://www.ilga.gov/senate/SenatorBills.asp?MemberID=2930,https://www.ilga.gov/senate/SenCommittees.asp?MemberID=2930,21,D,,https://www.ilga.gov/images/members/%7B423E6DDE-1AFB-4F10-A767-C869B0E51483%7D.jpg,senate/laura-ellman.jpg
Senate,Sara Feigenholtz,https://www.ilga.gov/senate/Senator.asp?GA=102&MemberID=2977,https://www.ilga.gov/senate/SenatorBills.asp?MemberID=2977,https://www.ilga.gov/senate/SenCommittees.asp?MemberID=2977,6,D,,https://www.ilga.gov/images/members/%7BE77394AE-D896-4FEB-A325-B33A553554EB%7D.jpg,senate/sara-feigenholtz.jpg
Senate,Laura Fine,https://www.ilga.gov/senate/Senator.asp?GA=102&MemberID=2929,https://www.ilga.gov/senate/SenatorBills.asp?MemberID=2929,https://www.ilga.gov/senate/SenCommittees.asp?MemberID=2929,9,D,,https://www.ilga.gov/images/members/%7BA4F70929-881C-4003-B10A-D1A775D3D94B%7D.jpg,senate/laura-fine.jpg
Senate,Dale Fowler,https://www.ilga.gov/senate/Senator.asp?GA=102&MemberID=2897,https://www.ilga.gov/senate/SenatorBills.asp?MemberID=2897,https://www.ilga.gov/senate/SenCommittees.asp?MemberID=2897,59,R,,https://www.ilga.gov/images/members/%7B1E60CA94-7006-4CAB-841D-C9D99569D9D3%7D.jpg,senate/dale-fowler.jpg
Senate,Ann Gillespie,https://www.ilga.gov/senate/Senator.asp?GA=102&MemberID=2931,https://www.ilga.gov/senate/SenatorBills.asp?MemberID=2931,https://www.ilga.gov/senate/SenCommittees.asp?MemberID=2931,27,D,,https://www.ilga.gov/images/members/%7BD11CC547-0960-44F1-80C9-99F8CE5D5479%7D.jpg,senate/ann-gillespie.jpg
Senate,Suzy Glowiak Hilton,https://www.ilga.gov/senate/Senator.asp?GA=102&MemberID=2932,https://www.ilga.gov/senate/SenatorBills.asp?MemberID=2932,https://www.ilga.gov/senate/SenCommittees.asp?MemberID=2932,24,D,,https://www.ilga.gov/images/members/%7B8DE2D7E5-9F3D-43FD-B0EC-0010BDA8849A%7D.jpg,senate/suzy-glowiak-hilton.jpg
Senate,Don Harmon,https://www.ilga.gov/senate/Senator.asp?GA=102&MemberID=2806,https://www.ilga.gov/senate/SenatorBills.asp?MemberID=2806,https://www.ilga.gov/senate/SenCommittees.asp?MemberID=2806,39,D,,https://www.ilga.gov/images/members/%7BCF3F6473-4E6D-4E84-A0A4-4FF7335132E2%7D.jpg,senate/don-harmon.jpg
Senate,"Napoleon Harris, III",https://www.ilga.gov/senate/Senator.asp?GA=102&MemberID=2851,https://www.ilga.gov/senate/SenatorBills.asp?MemberID=2851,https://www.ilga.gov/senate/SenCommittees.asp?MemberID=2851,15,D,,https://www.ilga.gov/images/members/%7B87402198-6E85-4CFE-BDD2-B9DC58948869%7D.jpg,senate/napoleon-harris-iii.jpg
Senate,Michael E. Hastings,https://www.ilga.gov/senate/Senator.asp?GA=102&MemberID=2852,https://www.ilga.gov/senate/SenatorBills.asp?MemberID=2852,https://www.ilga.gov/senate/SenCommittees.asp?MemberID=2852,19,D,,https://www.ilga.gov/images/members/%7BC6E534EB-7243-4687-8A65-04BD4DA5DF72%7D.jpg,senate/michael-e-hastings.jpg
Senate,Linda Holmes,https://www.ilga.gov/senate/Senator.asp?GA=102&MemberID=2813,https://www.ilga.gov/senate/SenatorBills.asp?MemberID=2813,https://www.ilga.gov/senate/SenCommittees.asp?MemberID=2813,42,D,,https://www.ilga.gov/images/members/%7B9A39C8B9-4B06-4BF7-85CE-4C6F4FD07769%7D.jpg,senate/linda-holmes.jpg
Senate,Mattie Hunter,https://www.ilga.gov/senate/Senator.asp?GA=102&MemberID=2808,https://www.ilga.gov/senate/SenatorBills.asp?MemberID=2808,https://www.ilga.gov/senate/SenCommittees.asp?MemberID=2808,3,D,,https://www.ilga.gov/images/members/%7BF4630DDB-11F0-417E-8C0A-B4ED6426116F%7D.jpg,senate/mattie-hunter.jpg
Senate,Adriane Johnson,https://www.ilga.gov/senate/Senator.asp?GA=102&MemberID=2980,https://www.ilga.gov/senate/SenatorBills.asp?MemberID=2980,https://www.ilga.gov/senate/SenCommittees.asp?MemberID=2980,30,D,,https://www.ilga.gov/images/members/%7B991EBDF6-BC13-4260-A2B8-E10751629780%7D.jpg,senate/adriane-johnson.jpg
Senate,"Emil Jones, III",https://www.ilga.gov/senate/Senator.asp?GA=102&MemberID=2823,https://www.ilga.gov/senate/SenatorBills.asp?MemberID=2823,https://www.ilga.gov/senate/SenCommittees.asp?MemberID=2823,14,D,,https://www.ilga.gov/images/members/%7B2C0EE719-E9D8-4625-990D-69FCE146BC0F%7D.jpg,senate/emil-jones-iii.jpg
Senate,Patrick J. Joyce,https://www.ilga.gov/senate/Senator.asp?GA=102&MemberID=2973,https://www.ilga.gov/senate/SenatorBills.asp?MemberID=2973,https://www.ilga.gov/senate/SenCommittees.asp?MemberID=2973,40,D,,https://www.ilga.gov/images/members/%7B39D6F100-DAEC-4C4B-A4F5-F20299B79152%7D.jpg,senate/patrick-j-joyce.jpg
Senate,David Koehler,https://www.ilga.gov/senate/Senator.asp?GA=102&MemberID=2814,https://www.ilga.gov/senate/SenatorBills.asp?MemberID=2814,https://www.ilga.gov/senate/SenCommittees.asp?MemberID=2814,46,D,,https://www.ilga.gov/images/members/%7B2C57E551-D82A-4C7D-8746-3F83913F0D7D%7D.jpg,senate/david-koehler.jpg
Senate,Steven M. Landek,https://www.ilga.gov/senate/Senator.asp?GA=102&MemberID=2839,https://www.ilga.gov/senate/SenatorBills.asp?MemberID=2839,https://www.ilga.gov/senate/SenCommittees.asp?MemberID=2839,12,D,,https://www.ilga.gov/images/members/%7BCB30B8CB-1FBB-4869-A78E-D08AF0616D74%7D.jpg,senate/steven-m-landek.jpg
Senate,Kimberly A. Lightford,https://www.ilga.gov/senate/Senator.asp?GA=102&MemberID=2795,https://www.ilga.gov/senate/SenatorBills.asp?MemberID=2795,https://www.ilga.gov/senate/SenCommittees.asp?MemberID=2795,4,D,,https://www.ilga.gov/images/members/%7B7FBA8DB0-281E-406F-BF9F-ABEB75B7B38E%7D.jpg,senate/kimberly-a-lightford.jpg
Senate,Meg Loughran Cappel,https://www.ilga.gov/senate/Senator.asp?GA=102&MemberID=2982,https://www.ilga.gov/senate/SenatorBills.asp?MemberID=2982,https://www.ilga.gov/senate/SenCommittees.asp?MemberID=2982,49,D,,https://www.ilga.gov/images/members/%7B344F07C5-9853-49B6-902A-89D5F81637BF%7D.jpg,senate/meg-loughran-cappel.jpg
Senate,Robert F. Martwick,https://www.ilga.gov/senate/Senator.asp?GA=102&MemberID=2970,https://www.ilga.gov/senate/SenatorBills.asp?MemberID=2970,https://www.ilga.gov/senate/SenCommittees.asp?MemberID=2970,10,D,,https://www.ilga.gov/images/members/%7B8FA2A22C-6775-4098-905C-0C7D8BBD7AEE%7D.jpg,senate/robert-f-martwick.jpg
Senate,Steve McClure,https://www.ilga.gov/senate/Senator.asp?GA=102&MemberID=2933,https://www.ilga.gov/senate/SenatorBills.asp?MemberID=2933,https://www.ilga.gov/senate/SenCommittees.asp?MemberID=2933,50,R,,https://www.ilga.gov/images/members/%7BEB86B3C4-3F25-4D5C-8944-7B4CBCA7CACE%7D.jpg,senate/steve-mcclure.jpg
Senate,Dan McConchie,https://www.ilga.gov/senate/Senator.asp?GA=102&MemberID=2893,https://www.ilga.gov/senate/SenatorBills.asp?MemberID=2893,https://www.ilga.gov/senate/SenCommittees.asp?MemberID=2893,26,R,,https://www.ilga.gov/images/members/%7BB3DB61E4-CBA1-4E2C-9DC7-4EEE9F52BCD7%7D.jpg,senate/dan-mcconchie.jpg
Senate,Julie A. Morrison,https://www.ilga.gov/senate/Senator.asp?GA=102&MemberID=2854,https://www.ilga.gov/senate/SenatorBills.asp?MemberID=2854,https://www.ilga.gov/senate/SenCommittees.asp?MemberID=2854,29,D,,https://www.ilga.gov/images/members/%7B0E6BF8A6-C5C8-4F54-977B-D5FD11707FA5%7D.jpg,senate/julie-a-morrison.jpg
Senate,Antonio Muñoz,https://www.ilga.gov/senate/Senator.asp?GA=102&MemberID=2797,https://www.ilga.gov/senate/SenatorBills.asp?MemberID=2797,https://www.ilga.gov/senate/SenCommittees.asp?MemberID=2797,1,D,,https://www.ilga.gov/images/members/%7BC4AA7682-5256-4C1D-A7C6-90953534A514%7D.jpg,senate/antonio-muñoz.jpg
Senate,Laura M. Murphy,https://www.ilga.gov/senate/Senator.asp?GA=102&MemberID=2890,https://www.ilga.gov/senate/SenatorBills.asp?MemberID=2890,https://www.ilga.gov/senate/SenCommittees.asp?MemberID=2890,28,D,,https://www.ilga.gov/images/members/%7BE8C6FBF1-611C-4DD5-A81D-F0FF8917556D%7D.jpg,senate/laura-m-murphy.jpg
Senate,Cristina H. Pacione-Zayas,https://www.ilga.gov/senate/Senator.asp?GA=102&MemberID=2983,https://www.ilga.gov/senate/SenatorBills.asp?MemberID=2983,https://www.ilga.gov/senate/SenCommittees.asp?MemberID=2983,20,D,,https://www.ilga.gov/images/members/%7B2DA121C4-D6F5-48F7-A1CF-D5AE36076CF1%7D.jpg,senate/cristina-h-pacione-zayas.jpg
Senate,Diane Pappas,https://www.ilga.gov/senate/Senator.asp?GA=102&MemberID=3015,https://www.ilga.gov/senate/SenatorBills.asp?MemberID=3015,https://www.ilga.gov/senate/SenCommittees.asp?MemberID=3015,23,D,,https://www.ilga.gov/images/members/%7B097744FD-73EA-4E14-9A6C-4CDD28E80C5C%7D.jpg,senate/diane-pappas.jpg
Senate,Robert Peters,https://www.ilga.gov/senate/Senator.asp?GA=102&MemberID=2934,https://www.ilga.gov/senate/SenatorBills.asp?MemberID=2934,https://www.ilga.gov/senate/SenCommittees.asp?MemberID=2934,13,D,,https://www.ilga.gov/images/members/%7B05AD9CBA-EA20-489D-9C33-3F39DC1F9B0C%7D.jpg,senate/robert-peters.jpg
Senate,Jason Plummer,https://www.ilga.gov/senate/Senator.asp?GA=102&MemberID=2935,https://www.ilga.gov/senate/SenatorBills.asp?MemberID=2935,https://www.ilga.gov/senate/SenCommittees.asp?MemberID=2935,54,R,,https://www.ilga.gov/images/members/%7BCE75DC7E-2CD4-4D01-B697-C2866F828E25%7D.jpg,senate/jason-plummer.jpg
Senate,Sue Rezin,https://www.ilga.gov/senate/Senator.asp?GA=102&MemberID=2830,https://www.ilga.gov/senate/SenatorBills.asp?MemberID=2830,https://www.ilga.gov/senate/SenCommittees.asp?MemberID=2830,38,R,,https://www.ilga.gov/images/members/%7B45666230-B77D-4162-A45E-6AC5587C4E56%7D.jpg,senate/sue-rezin.jpg
Senate,Chapin Rose,https://www.ilga.gov/senate/Senator.asp?GA=102&MemberID=2856,https://www.ilga.gov/senate/SenatorBills.asp?MemberID=2856,https://www.ilga.gov/senate/SenCommittees.asp?MemberID=2856,51,R,,https://www.ilga.gov/images/members/%7BBA95E1D1-0570-4492-B739-D1F593F183FD%7D.jpg,senate/chapin-rose.jpg
Senate,Mike Simmons,https://www.ilga.gov/senate/Senator.asp?GA=102&MemberID=3008,https://www.ilga.gov/senate/SenatorBills.asp?MemberID=3008,https://www.ilga.gov/senate/SenCommittees.asp?MemberID=3008,7,D,,https://www.ilga.gov/images/members/%7B6EDEB1E8-2566-4659-ABF5-A9107C2912F0%7D.jpg,senate/mike-simmons.jpg
Senate,"Elgie R. Sims, Jr.",https://www.ilga.gov/senate/Senator.asp?GA=102&MemberID=2918,https://www.ilga.gov/senate/SenatorBills.asp?MemberID=2918,https://www.ilga.gov/senate/SenCommittees.asp?MemberID=2918,17,D,,https://www.ilga.gov/images/members/%7B1EAF7721-A189-4CD1-B31D-CD39F79DBD04%7D.jpg,senate/elgie-r-sims-jr.jpg
Senate,Steve Stadelman,https://www.ilga.gov/senate/Senator.asp?GA=102&MemberID=2857,https://www.ilga.gov/senate/SenatorBills.asp?MemberID=2857,https://www.ilga.gov/senate/SenCommittees.asp?MemberID=2857,34,D,,https://www.ilga.gov/images/members/%7B47906765-AB0A-48BF-8C14-B5443B8F27C4%7D.jpg,senate/steve-stadelman.jpg
Senate,Brian W. Stewart,https://www.ilga.gov/senate/Senator.asp?GA=102&MemberID=2926,https://www.ilga.gov/senate/SenatorBills.asp?MemberID=2926,https://www.ilga.gov/senate/SenCommittees.asp?MemberID=2926,45,R,,https://www.ilga.gov/images/members/%7B9542D32E-E8F8-4E42-963E-23FC7621D747%7D.jpg,senate/brian-w-stewart.jpg
Senate,Win Stoller,https://www.ilga.gov/senate/Senator.asp?GA=102&MemberID=2985,https://www.ilga.gov/senate/SenatorBills.asp?MemberID=2985,https://www.ilga.gov/senate/SenCommittees.asp?MemberID=2985,37,R,,https://www.ilga.gov/images/members/%7B02AA7D94-3FC5-4F6D-A749-6CFFE11755D2%7D.jpg,senate/win-stoller.jpg
Senate,Dave Syverson,https://www.ilga.gov/senate/Senator.asp?GA=102&MemberID=2798,https://www.ilga.gov/senate/SenatorBills.asp?MemberID=2798,https://www.ilga.gov/senate/SenCommittees.asp?MemberID=2798,35,R,,https://www.ilga.gov/images/members/%7B6FD168B8-C34B-4399-8E39-7373F7600882%7D.jpg,senate/dave-syverson.jpg
Senate,Jil Tracy,https://www.ilga.gov/senate/Senator.asp?GA=102&MemberID=2899,https://www.ilga.gov/senate/SenatorBills.asp?MemberID=2899,https://www.ilga.gov/senate/SenCommittees.asp?MemberID=2899,47,R,,https://www.ilga.gov/images/members/%7B21C0F860-E9DD-4215-A3AA-703E275C8526%7D.jpg,senate/jil-tracy.jpg
Senate,Doris Turner,https://www.ilga.gov/senate/Senator.asp?GA=102&MemberID=3009,https://www.ilga.gov/senate/SenatorBills.asp?MemberID=3009,https://www.ilga.gov/senate/SenCommittees.asp?MemberID=3009,48,D,,https://www.ilga.gov/images/members/%7BD114C73A-2295-431C-8250-38AC3353A20E%7D.jpg,senate/doris-turner.jpg
Senate,Sally J. Turner,https://www.ilga.gov/senate/Senator.asp?GA=102&MemberID=3007,https://www.ilga.gov/senate/SenatorBills.asp?MemberID=3007,https://www.ilga.gov/senate/SenCommittees.asp?MemberID=3007,44,R,,https://www.ilga.gov/images/members/%7BC47C199A-2C77-4A73-BAE5-AB139ED85CAC%7D.jpg,senate/sally-j-turner.jpg
Senate,Patricia Van Pelt,https://www.ilga.gov/senate/Senator.asp?GA=102&MemberID=2858,https://www.ilga.gov/senate/SenatorBills.asp?MemberID=2858,https://www.ilga.gov/senate/SenCommittees.asp?MemberID=2858,5,D,,https://www.ilga.gov/images/members/%7B71DA8897-D74A-4034-9A99-79C7FB2BD90E%7D.jpg,senate/patricia-van-pelt.jpg
Senate,Karina Villa,https://www.ilga.gov/senate/Senator.asp?GA=102&MemberID=2987,https://www.ilga.gov/senate/SenatorBills.asp?MemberID=2987,https://www.ilga.gov/senate/SenCommittees.asp?MemberID=2987,25,D,,https://www.ilga.gov/images/members/%7BC8126F4D-472E-4738-85B5-87A229F8174A%7D.jpg,senate/karina-villa.jpg
Senate,Celina Villanueva,https://www.ilga.gov/senate/Senator.asp?GA=102&MemberID=2976,https://www.ilga.gov/senate/SenatorBills.asp?MemberID=2976,https://www.ilga.gov/senate/SenCommittees.asp?MemberID=2976,11,D,,https://www.ilga.gov/images/members/%7BF8A21A81-5453-4E94-AC51-E644E1B0C00B%7D.jpg,senate/celina-villanueva.jpg
Senate,Ram Villivalam,https://www.ilga.gov/senate/Senator.asp?GA=102&MemberID=2936,https://www.ilga.gov/senate/SenatorBills.asp?MemberID=2936,https://www.ilga.gov/senate/SenCommittees.asp?MemberID=2936,8,D,,https://www.ilga.gov/images/members/%7BDBF0BBF0-0E16-4C5F-894A-16C4A14CAF51%7D.jpg,senate/ram-villivalam.jpg
Senate,Craig Wilcox,https://www.ilga.gov/senate/Senator.asp?GA=102&MemberID=2925,https://www.ilga.gov/senate/SenatorBills.asp?MemberID=2925,https://www.ilga.gov/senate/SenCommittees.asp?MemberID=2925,32,R,,https://www.ilga.gov/images/members/%7BE397F861-68AA-4CC2-9A23-50B9A8E13031%7D.jpg,senate/craig-wilcox.jpg
